setting,attack,vanilla_breach_rate,plus_breach_rate,vanilla_impact_mean,plus_impact_mean,delta_breach_pp,delta_impact
Impersonation,MI-ADMIX-DI-TI,0.158328811720022,0.180575149213239,0.0992964529247658,0.110108092909187,2.22463374932176,0.0108116399844208
Impersonation,MI-FGSM,0.171459576776994,0.226153011394466,0.103497930043614,0.126456721247403,5.46934346174715,0.0229587912037883
Impersonation,PGD,0.0909386869234943,0.135214324470971,0.0683897571830504,0.0888905344621394,4.42756375474769,0.020500777279089
Impersonation,SI-NI-FGSM,0.20737927292458,0.273575691806837,0.118233394236124,0.144993427597599,6.61964188822572,0.0267600333614743
Impersonation,TI-FGSM,0.13054801953337,0.172653282691264,0.0856752846806906,0.104302624178817,4.21052631578947,0.0186273394981263
Impersonation,BPA-CNN,0.174269005847953,0.212865497076023,0.114295966626139,0.131461545465411,3.85964912280702,0.0171655788392711
Impersonation,BSR,0.188888888888889,0.217874396135266,0.11371625509689,0.127717070353042,2.89855072463768,0.0140008152561523
Impersonation,SIA_MI_TI,0.128019323671498,0.145410628019324,0.086872157394652,0.0935820922376993,1.73913043478261,0.00670993484304723
Impersonation,DECOWA,0.168421052631579,0.192982456140351,0.100280123616552,0.113741237249454,2.45614035087719,0.0134611136329017
Dodging,MI-ADMIX-DI-TI,0.335820132856413,0.376699029126214,0.211188492063798,0.235263378825943,4.08788962698007,0.0240748867621445
Dodging,MI-FGSM,0.365559529892693,0.469494123658661,0.228554288089736,0.280810035589281,10.3934593765968,0.052255747499545
Dodging,PGD,0.201635155850792,0.268472151251916,0.128813095478884,0.174554370941074,6.68369954011242,0.0457412754621892
Dodging,SI-NI-FGSM,0.400102197240675,0.504854368932039,0.247777481920024,0.298392349613191,10.4752171691364,0.0506148676931673
Dodging,TI-FGSM,0.26264690853347,0.338886050076648,0.171820021602175,0.213998704522802,7.62391415431783,0.0421786829206272
Dodging,BPA-CNN,0.373684210526316,0.454970760233918,0.257570288382057,0.296905369249483,8.12865497076024,0.0393350808674263
Dodging,BSR,0.394482090997096,0.453708191953466,0.303431827804869,0.335040580460412,5.922610095637,0.0316087526555428
Dodging,SIA_MI_TI,0.253507498790518,0.260658914728682,0.208102623235036,0.216145235014305,0.715141593816454,0.00804261177926907
Dodging,DECOWA,0.328715365239295,0.377049180327869,0.278239386606028,0.303897320317553,4.83338150885741,0.0256579337115253
